[
  {
    "_id": "67eeaa076aaaa92bc113bc5e",
    "title": "Standard Operating Procedures",
    "description": "Outlines standard procedures for daily operations",
    "content": "# Standard Operating Procedures\n\n## Overview\nThis document outlines the standard operating procedures for all daily operations within the organization.\n\n## Procedures\n1. Morning reporting\n2. Equipment checks\n3. Communication protocols\n4. Evening reporting",
    "category": "Operations",
    "version": "1.2",
    "status": "published",
    "effectiveDate": "2023-10-15T00:00:00.000Z",
    "createdBy": "6406473b18c35a9b9c26e756",
    "createdAt": "2023-09-15T10:00:00.000Z",
    "updatedAt": "2023-09-15T10:00:00.000Z",
    "__v": 0
  },
  {
    "_id": "67eeaa076aaaa92bc113bc5f",
    "title": "Emergency Response Protocol",
    "description": "Procedures to follow in emergency situations",
    "content": "# Emergency Response Protocol\n\n## Overview\nThis document outlines the procedures to follow in various emergency situations.\n\n## Emergency Types\n1. Natural disasters\n2. Medical emergencies\n3. Security breaches\n4. Equipment failures",
    "category": "Safety",
    "version": "2.1",
    "status": "published",
    "effectiveDate": "2023-11-01T00:00:00.000Z",
    "createdBy": "6406473b18c35a9b9c26e756",
    "createdAt": "2023-10-01T14:30:00.000Z",
    "updatedAt": "2023-10-15T09:45:00.000Z",
    "__v": 0
  },
  {
    "_id": "67eeaa076aaaa92bc113bc60",
    "title": "Personnel Leave Policy",
    "description": "Guidelines for requesting and approving leave",
    "content": "# Personnel Leave Policy\n\n## Overview\nThis document outlines the guidelines for requesting and approving personnel leave.\n\n## Leave Types\n1. Annual leave\n2. Sick leave\n3. Emergency leave\n4. Training leave",
    "category": "HR",
    "version": "1.0",
    "status": "draft",
    "effectiveDate": "2024-01-01T00:00:00.000Z",
    "createdBy": "6406473b18c35a9b9c26e756",
    "createdAt": "2023-11-10T11:20:00.000Z",
    "updatedAt": "2023-11-10T11:20:00.000Z",
    "__v": 0
  },
  {
    "_id": "67eeaa076aaaa92bc113bc61",
    "title": "Equipment Maintenance Guidelines",
    "description": "Procedures for regular equipment maintenance",
    "content": "# Equipment Maintenance Guidelines\n\n## Overview\nThis document outlines the procedures for regular equipment maintenance.\n\n## Maintenance Schedule\n1. Daily checks\n2. Weekly maintenance\n3. Monthly inspections\n4. Quarterly overhauls",
    "category": "Operations",
    "version": "1.5",
    "status": "archived",
    "effectiveDate": "2022-06-01T00:00:00.000Z",
    "expirationDate": "2023-06-01T00:00:00.000Z",
    "createdBy": "6406473b18c35a9b9c26e756",
    "createdAt": "2022-05-15T13:40:00.000Z",
    "updatedAt": "2023-06-02T10:15:00.000Z",
    "__v": 0
  },
  {
    "_id": "67eeaa076aaaa92bc113bc62",
    "title": "Data Security Policy",
    "description": "Guidelines for maintaining data security",
    "content": "# Data Security Policy\n\n## Overview\nThis document outlines the guidelines for maintaining data security across all systems.\n\n## Security Measures\n1. Password requirements\n2. Data encryption\n3. Access control\n4. Incident reporting",
    "category": "Security",
    "version": "2.0",
    "status": "published",
    "effectiveDate": "2023-09-01T00:00:00.000Z",
    "createdBy": "6406473b18c35a9b9c26e756",
    "createdAt": "2023-08-15T09:30:00.000Z",
    "updatedAt": "2023-08-20T14:15:00.000Z",
    "__v": 0
  }
]