[
  {
    "_id": "67ee785c2c0842900eb71241",
    "title": "Advanced Combat Training",
    "description": "Intensive training for advanced combat techniques and strategies",
    "type": "field_exercise",
    "startDate": "2023-06-15T00:00:00.000Z",
    "endDate": "2023-06-30T00:00:00.000Z",
    "location": {
      "name": "AFP Training Grounds",
      "address": "Camp General Emilio Aguinaldo, Quezon City",
      "coordinates": {
        "latitude": 14.6091,
        "longitude": 121.0509
      }
    },
    "instructor": {
      "name": "Col. James Rodriguez",
      "rank": "Colonel",
      "specialization": "Tactical Operations",
      "contactInfo": "j.rodriguez@afp.mil.ph"
    },
    "status": "completed",
    "capacity": 50,
    "eligibleRanks": [
      "Private",
      "Private First Class",
      "Corporal",
      "Sergeant"
    ],
    "eligibleCompanies": [
      "Alpha",
      "Bravo",
      "Charlie"
    ],
    "mandatory": true,
    "attendees": [
      {
        "userId": "67ee785c2c0842900eb71239",
        "status": "completed",
        "registrationDate": "2023-05-20T00:00:00.000Z",
        "completionDate": "2023-06-30T00:00:00.000Z",
        "certificateUrl": "https://example.com/certificates/act-001.pdf",
        "performance": {
          "score": 92,
          "notes": "Excellent performance in tactical exercises"
        }
      },
      {
        "userId": "67ee785c2c0842900eb7123a",
        "status": "completed",
        "registrationDate": "2023-05-22T00:00:00.000Z",
        "completionDate": "2023-06-30T00:00:00.000Z",
        "certificateUrl": "https://example.com/certificates/act-002.pdf",
        "performance": {
          "score": 88,
          "notes": "Good performance, needs improvement in night operations"
        }
      }
    ],
    "createdBy": "67ee785c2c0842900eb71238",
    "updatedBy": "67ee785c2c0842900eb71238",
    "tags": [
      "combat",
      "tactical",
      "advanced"
    ],
    "certificationOffered": true,
    "certificationValidityPeriod": 24,
    "createdAt": "2025-04-03T12:00:28.038Z",
    "updatedAt": "2025-04-03T12:00:28.038Z"
  },
  {
    "_id": "67ee785c2c0842900eb71242",
    "title": "First Aid and Field Medicine",
    "description": "Training on emergency medical procedures in field conditions",
    "type": "workshop",
    "startDate": "2023-08-10T00:00:00.000Z",
    "endDate": "2023-08-12T00:00:00.000Z",
    "location": {
      "name": "AFP Medical Center",
      "address": "V. Luna Road, Quezon City",
      "coordinates": {
        "latitude": 14.6332,
        "longitude": 121.0539
      }
    },
    "instructor": {
      "name": "Maj. Elena Santos",
      "rank": "Major",
      "specialization": "Field Medicine",
      "contactInfo": "e.santos@afp.mil.ph"
    },
    "status": "completed",
    "capacity": 30,
    "eligibleRanks": [
      "Private",
      "Private First Class",
      "Corporal",
      "Sergeant",
      "Second Lieutenant",
      "First Lieutenant",
      "Captain",
      "Major",
      "Lieutenant Colonel",
      "Colonel",
      "Brigadier General",
      "Major General",
      "Lieutenant General",
      "General"
    ],
    "eligibleCompanies": [
      "Alpha",
      "Bravo",
      "Charlie",
      "Headquarters",
      "Signal",
      "Forward Air Base"
    ],
    "mandatory": false,
    "attendees": [
      {
        "userId": "67ee785c2c0842900eb71239",
        "status": "completed",
        "registrationDate": "2023-07-15T00:00:00.000Z",
        "completionDate": "2023-08-12T00:00:00.000Z",
        "certificateUrl": "https://example.com/certificates/fafm-001.pdf",
        "performance": {
          "score": 95,
          "notes": "Outstanding performance, especially in emergency response scenarios"
        }
      }
    ],
    "createdBy": "67ee785c2c0842900eb71237",
    "updatedBy": "67ee785c2c0842900eb71237",
    "tags": [
      "medical",
      "first aid",
      "emergency"
    ],
    "certificationOffered": true,
    "certificationValidityPeriod": 12,
    "createdAt": "2025-04-03T12:00:28.038Z",
    "updatedAt": "2025-04-03T12:00:28.038Z"
  },
  {
    "_id": "67ee785c2c0842900eb71243",
    "title": "Leadership and Command Principles",
    "description": "Training for officers and NCOs on leadership and command principles",
    "type": "leadership",
    "startDate": "2023-09-05T00:00:00.000Z",
    "endDate": "2023-09-10T00:00:00.000Z",
    "location": {
      "name": "AFP Command and Leadership Center",
      "address": "Camp General Emilio Aguinaldo, Quezon City",
      "coordinates": {
        "latitude": 14.6095,
        "longitude": 121.0512
      }
    },
    "instructor": {
      "name": "Gen. Antonio Reyes",
      "rank": "General",
      "specialization": "Strategic Leadership",
      "contactInfo": "a.reyes@afp.mil.ph"
    },
    "status": "completed",
    "capacity": 20,
    "eligibleRanks": [
      "Sergeant",
      "Second Lieutenant",
      "First Lieutenant",
      "Captain",
      "Major"
    ],
    "mandatory": false,
    "attendees": [
      {
        "userId": "67ee785c2c0842900eb7123c",
        "status": "completed",
        "registrationDate": "2023-08-01T00:00:00.000Z",
        "completionDate": "2023-09-10T00:00:00.000Z",
        "certificateUrl": "https://example.com/certificates/lcp-001.pdf",
        "performance": {
          "score": 90,
          "notes": "Very good performance, shows strong leadership potential"
        }
      }
    ],
    "createdBy": "67ee785c2c0842900eb71237",
    "updatedBy": "67ee785c2c0842900eb71236",
    "tags": [
      "leadership",
      "command",
      "strategy"
    ],
    "certificationOffered": true,
    "certificationValidityPeriod": 36,
    "createdAt": "2025-04-03T12:00:28.038Z",
    "updatedAt": "2025-04-03T12:00:28.038Z"
  },
  {
    "_id": "67ee785c2c0842900eb71244",
    "title": "Cyber Security for Military Operations",
    "description": "Training on cybersecurity principles and practices for military operations",
    "type": "technical",
    "startDate": "2025-04-17T12:00:28.038Z",
    "endDate": "2025-04-19T12:00:28.038Z",
    "location": {
      "name": "AFP Signal Battalion HQ",
      "address": "Camp General Emilio Aguinaldo, Quezon City",
      "coordinates": {
        "latitude": 14.61,
        "longitude": 121.052
      }
    },
    "instructor": {
      "name": "Capt. Diego Cruz",
      "rank": "Captain",
      "specialization": "Cyber Security",
      "contactInfo": "d.cruz@afp.mil.ph"
    },
    "status": "upcoming",
    "capacity": 25,
    "eligibleRanks": [
      "Private",
      "Private First Class",
      "Corporal",
      "Sergeant",
      "Second Lieutenant",
      "First Lieutenant",
      "Captain",
      "Major",
      "Lieutenant Colonel",
      "Colonel",
      "Brigadier General",
      "Major General",
      "Lieutenant General",
      "General"
    ],
    "eligibleCompanies": [
      "Headquarters",
      "Signal"
    ],
    "mandatory": false,
    "virtualMeetingUrl": "https://afp-meet.example.com/cyber-training",
    "materials": [
      {
        "title": "Cyber Security Basics Handbook",
        "fileUrl": "https://example.com/materials/cyber-basics.pdf",
        "fileType": "application/pdf"
      },
      {
        "title": "Threat Assessment Worksheet",
        "fileUrl": "https://example.com/materials/threat-assessment.xlsx",
        "fileType": "application/vnd.openxmlformats-officedocument.spreadsheetml.sheet"
      }
    ],
    "attendees": [
      {
        "_id": "67eea28d68b432a0e3508a1b",
        "userId": "67ee785c2c0842900eb7123c",
        "status": "registered",
        "registrationDate": "2025-04-03T12:00:28.038Z"
      },
      {
        "userId": "67ee80c62d1116e08d072fef",
        "status": "registered",
        "registrationDate": "2025-04-03T17:12:35.402Z",
        "_id": "67eec183bf2698b8547f1334"
      }
    ],
    "createdBy": "67ee785c2c0842900eb71238",
    "tags": [
      "cyber",
      "security",
      "technical"
    ],
    "certificationOffered": true,
    "certificationValidityPeriod": 12,
    "createdAt": "2025-04-03T12:00:28.038Z",
    "updatedAt": "2025-04-03T17:12:35.403Z",
    "__v": 7
  },
  {
    "_id": "67eea08f5195180996b6b96c",
    "title": "Advanced Combat Training",
    "description": "Intensive course focusing on advanced combat techniques, tactical maneuvers, and weapon handling for reservists. Includes both classroom training and field exercises.",
    "type": "combat_drill",
    "startDate": "2024-07-15T00:00:00.000Z",
    "endDate": "2024-07-20T00:00:00.000Z",
    "location": {
      "name": "Camp Aguinaldo Training Grounds",
      "address": "EDSA, Quezon City, Metro Manila",
      "coordinates": {
        "latitude": 14.6086,
        "longitude": 121.0547
      }
    },
    "instructor": {
      "name": "Colonel James Rodriguez",
      "rank": "Colonel",
      "specialization": "Tactical Combat",
      "contactInfo": "james.rodriguez@afp.gov.ph"
    },
    "status": "upcoming",
    "capacity": 45,
    "eligibleRanks": [
      "Private",
      "Corporal",
      "Sergeant"
    ],
    "eligibleCompanies": [
      "Alpha Company",
      "Bravo Company"
    ],
    "mandatory": false,
    "attendees": [],
    "createdBy": "6579ba3f6c40c91b4f0ab37e",
    "tags": [
      "combat",
      "tactical",
      "weapons",
      "field training"
    ],
    "certificationOffered": true,
    "certificationValidityPeriod": 24,
    "materials": [],
    "__v": 2,
    "createdAt": "2025-04-03T14:51:59.889Z",
    "updatedAt": "2025-04-03T16:03:30.707Z"
  },
  {
    "_id": "67eea08f5195180996b6b96d",
    "title": "Emergency Medical Response",
    "description": "Comprehensive training on emergency medical procedures, first aid techniques, and disaster response protocols. Participants will learn to handle various medical emergencies in both civilian and combat situations.",
    "type": "medical",
    "startDate": "2024-08-05T00:00:00.000Z",
    "endDate": "2024-08-07T00:00:00.000Z",
    "location": {
      "name": "AFP Medical Center",
      "address": "V. Luna Road, Quezon City",
      "coordinates": {
        "latitude": 14.6358,
        "longitude": 121.0614
      }
    },
    "instructor": {
      "name": "Major Sarah Johnson",
      "rank": "Major",
      "specialization": "Military Medicine",
      "contactInfo": "sarah.johnson@afpmedical.gov.ph"
    },
    "status": "upcoming",
    "capacity": 30,
    "eligibleRanks": [
      "Private",
      "Corporal",
      "Sergeant",
      "Lieutenant"
    ],
    "eligibleCompanies": [
      "Medical Corps",
      "All Units"
    ],
    "mandatory": true,
    "attendees": [],
    "createdBy": "6579ba3f6c40c91b4f0ab37e",
    "tags": [
      "medical",
      "first aid",
      "emergency response"
    ],
    "certificationOffered": true,
    "certificationValidityPeriod": 12,
    "materials": [],
    "__v": 0,
    "createdAt": "2025-04-03T14:51:59.889Z",
    "updatedAt": "2025-04-03T14:51:59.889Z"
  },
  {
    "_id": "67eea08f5195180996b6b96e",
    "title": "Strategic Leadership Symposium",
    "description": "Advanced leadership training designed for officers and NCOs. Covers strategic thinking, unit management, decision-making under pressure, and effective communication in military contexts.",
    "type": "leadership",
    "startDate": "2024-09-10T00:00:00.000Z",
    "endDate": "2024-09-12T00:00:00.000Z",
    "location": {
      "name": "AFP Officers Club",
      "address": "Camp Aguinaldo, Quezon City",
      "coordinates": {
        "latitude": 14.61,
        "longitude": 121.055
      }
    },
    "instructor": {
      "name": "General Robert Smith",
      "rank": "General",
      "specialization": "Strategic Command",
      "contactInfo": "robert.smith@afp.gov.ph"
    },
    "status": "upcoming",
    "capacity": 25,
    "eligibleRanks": [
      "Lieutenant",
      "Captain",
      "Major",
      "Colonel"
    ],
    "eligibleCompanies": [
      "All Units"
    ],
    "mandatory": false,
    "virtualMeetingUrl": "https://meeting.afp.gov.ph/leadership-symposium",
    "materials": [
      {
        "title": "Leadership in Crisis Handbook",
        "fileUrl": "/materials/leadership-handbook.pdf",
        "fileType": "pdf",
        "_id": "67eea08f5195180996b6b96f"
      }
    ],
    "attendees": [],
    "createdBy": "6579ba3f6c40c91b4f0ab37e",
    "tags": [
      "leadership",
      "strategy",
      "management"
    ],
    "certificationOffered": true,
    "certificationValidityPeriod": 36,
    "__v": 0,
    "createdAt": "2025-04-03T14:51:59.890Z",
    "updatedAt": "2025-04-03T14:51:59.890Z"
  },
  {
    "_id": "67eea08f5195180996b6b970",
    "title": "Tactical Communications Workshop",
    "description": "Specialized training on military communications systems, encryption protocols, and field communication techniques. Participants will learn to operate various communication equipment and follow secure communication procedures.",
    "type": "technical",
    "startDate": "2024-06-20T00:00:00.000Z",
    "endDate": "2024-06-23T00:00:00.000Z",
    "location": {
      "name": "Signal Battalion HQ",
      "address": "Fort Bonifacio, Taguig City",
      "coordinates": {
        "latitude": 14.5176,
        "longitude": 121.0509
      }
    },
    "instructor": {
      "name": "Lt. Col. David Chen",
      "rank": "Lieutenant Colonel",
      "specialization": "Communications Systems",
      "contactInfo": "david.chen@afp.gov.ph"
    },
    "status": "ongoing",
    "capacity": 40,
    "eligibleRanks": [
      "Private",
      "Corporal",
      "Sergeant",
      "Lieutenant"
    ],
    "eligibleCompanies": [
      "Signal Corps",
      "Charlie Company"
    ],
    "mandatory": false,
    "materials": [
      {
        "title": "Field Communications Manual",
        "fileUrl": "/materials/comms-manual.pdf",
        "fileType": "pdf",
        "_id": "67eea08f5195180996b6b971"
      },
      {
        "title": "Encryption Protocols",
        "fileUrl": "/materials/encryption-guide.pdf",
        "fileType": "pdf",
        "_id": "67eea08f5195180996b6b972"
      }
    ],
    "attendees": [],
    "createdBy": "6579ba3f6c40c91b4f0ab37e",
    "tags": [
      "communications",
      "technical",
      "encryption",
      "radio"
    ],
    "certificationOffered": true,
    "certificationValidityPeriod": 18,
    "__v": 0,
    "createdAt": "2025-04-03T14:51:59.890Z",
    "updatedAt": "2025-04-03T14:51:59.890Z"
  },
  {
    "_id": "67eea08f5195180996b6b973",
    "title": "Annual Physical Fitness Assessment",
    "description": "Mandatory annual physical fitness evaluation for all personnel. Includes running, push-ups, sit-ups, and other exercises to assess general fitness levels and readiness.",
    "type": "other",
    "startDate": "2024-02-15T00:00:00.000Z",
    "endDate": "2024-02-15T00:00:00.000Z",
    "location": {
      "name": "Camp Aguinaldo Parade Grounds",
      "address": "EDSA, Quezon City",
      "coordinates": {
        "latitude": 14.6095,
        "longitude": 121.054
      }
    },
    "instructor": {
      "name": "Major Michael Torres",
      "rank": "Major",
      "specialization": "Physical Training",
      "contactInfo": "michael.torres@afp.gov.ph"
    },
    "status": "completed",
    "capacity": 100,
    "eligibleRanks": [
      "All Ranks"
    ],
    "eligibleCompanies": [
      "All Units"
    ],
    "mandatory": true,
    "attendees": [],
    "createdBy": "6579ba3f6c40c91b4f0ab37e",
    "tags": [
      "fitness",
      "assessment",
      "physical training"
    ],
    "certificationOffered": false,
    "materials": [],
    "__v": 0,
    "createdAt": "2025-04-03T14:51:59.890Z",
    "updatedAt": "2025-04-03T14:51:59.890Z"
  }
]