[
  {
    "_id": "67ee9b7141fcca9632096be5",
    "title": "301stReservsit.1stWireframe.pdf",
    "description": "",
    "type": "other",
    "fileUrl": "/uploads/67ee80c62d1116e08d072fef/1743690609347-301stReservsit.1stWireframe.pdf",
    "fileName": "301stReservsit.1stWireframe.pdf",
    "fileSize": 158672,
    "mimeType": "application/pdf",
    "userId": "67ee80c62d1116e08d072fef",
    "uploadedBy": "67ee80c62d1116e08d072fef",
    "status": "pending",
    "version": 1,
    "tags": [],
    "expirationDate": "2025-04-18T00:00:00.000Z",
    "name": "301stReservsit.1stWireframe.pdf",
    "uploadDate": "2025-04-03T14:30:09.401Z",
    "securityClassification": "Confidential",
    "previousVersions": [],
    "createdAt": "2025-04-03T14:30:09.406Z",
    "updatedAt": "2025-04-03T14:30:09.406Z",
    "__v": 0
  }
]